time,左大転子:X,左大転子:Y,右大転子:X,右大転子:Y,右膝:X,右膝:Y,右踵:X,右踵:Y,右爪先:X,右爪先:Y,左膝:X,左膝:Y,左踵:X,左踵:Y,左肩:X,左肩:Y,左肘:X,左肘:Y,左手首:X,左手首:Y,左手先:X,左手先:Y,胸骨:X,胸骨:Y,頭部:X,頭部:Y,右肩:X,右肩:Y,右肘:X,右肘:Y,右手首:X,右手首:Y,右手先:X,右手先:Y,左爪先:X,左爪先:Y,胴部:X,胴部:Y
0,413,170.5,411.5,170.5,408,147,425.5,164,435.5,159,403,152.5,408.5,129,413,199,416.5,184,407,175.5,400,173,403.5,198,405.5,219,402.5,199,411.5,183.5,404,176,398.5,175.5,396.5,123,406,184
0.00833333,412.5,170,410,170.5,408,147,423.5,164.5,433,157.5,401.5,152.5,407.5,130.5,411,198.5,415,183.5,406.5,175.5,398.5,175,402,197,402.5,218.5,402.5,199,410.5,183.5,403.5,176,398.5,175.5,399.5,125,405,184
0.0166667,410.5,169.5,407,170,404,147.5,422.5,162.5,431,157,400.5,152,406,130,408.5,197.5,413.5,183,402,175,398,175,399.5,197.5,403,218,402,197.5,408,182.5,403.5,176,399.5,174.5,399.5,125,403.5,184
0.025,409.5,170,406,170,402,149,419.5,162.5,429,156.5,400,152,405.5,130,408.5,197.5,410.5,183,401.5,175,394.5,173.5,399.5,197.5,402,218,401,197,406,183,401,177,396.5,175,396.5,125,403,182.5
0.0333333,409,169,405,170,397.5,149.5,418,162,427,155.5,400,150.5,408,130,406,198,408.5,182,397.5,175.5,392.5,173.5,399.5,191.5,401,217.5,399.5,197.5,406,181.5,398,175.5,394.5,175,396.5,125,401,182
0.0416667,408,170.5,402.5,170,393.5,147.5,415.5,162,425.5,155.5,399,150.5,407.5,129,405,197.5,406.5,182,394.5,175.5,388,175.5,397,191,399,217.5,397,198.5,406,182,396,175,392.5,174.5,398,125,400.5,182
0.05,406,170.5,399.5,170,392.5,147,413.5,161,422.5,154,399.5,149,407.5,129,403,197.5,405.5,182,391,176.5,386,176,396,191,398.5,219,394.5,198.5,406,182,396.5,176,393,175.5,398,125,398,182.5
0.0583333,406,170,397.5,170,389.5,146,411.5,161.5,421.5,153.5,396,149.5,407,128.5,401,197.5,403.5,181,392,175.5,382.5,175.5,395.5,190.5,398.5,216,394,198.5,404,181.5,394,177,391,175.5,398,125,396.5,182.5
0.0666667,405,170,396,170,386.5,149,410,159.5,418.5,150.5,396,149,408,127.5,401,197,401.5,181,389,175,382.5,175.5,393,189.5,396.5,218.5,390.5,197,401.5,181,394,177,389,175.5,398,125,396,182.5
0.075,403.5,170,394.5,169.5,384.5,150,410,159.5,416,151.5,395.5,149,408,127.5,399,197,400.5,181,389,176,382.5,175.5,392,192,394.5,216.5,391,197,401,180.5,391,177,386,175.5,398,125,393.5,181.5
0.0833333,402,169.5,394,169.5,384.5,150,407.5,160,413.5,150,394.5,149,406,128,398,197,398.5,181,389,176,381,175.5,390.5,192,394.5,216.5,390.5,197,399,181,389.5,177.5,386,176.5,398,125,393.5,181.5
0.0916667,401,170,394,169.5,382,151.5,404.5,158.5,412,149.5,395,149,406,128,397,196.5,397.5,181,385,177,380.5,176.5,389,190.5,392.5,217,388,197,399.5,182.5,389.5,177.5,386,176.5,398,125,391,182
0.1,400,170.5,393.5,169.5,380,151.5,403,157,410,148.5,394.5,148,406.5,129,396,196,394.5,180,383.5,177.5,376.5,177.5,388.5,190,391,217.5,386,197,399,182.5,389.5,177.5,383,176.5,398,125,390,181.5
0.108333,399,170.5,390.5,171.5,378,151.5,402,157,408,147,394.5,148,406.5,129,393.5,196,393.5,180.5,380.5,178,374,178,387,190.5,389,217.5,385,197,397,181.5,388.5,178,385.5,177,398,125,388.5,181.5
0.116667,397,170.5,388,170.5,378,151.5,400,157,405,143,394,146,406.5,129,391.5,196,390.5,181.5,380,178,372,178.5,385.5,190.5,388.5,217.5,383.5,197.5,395,182,387.5,178,384,177,398.5,125,386.5,181.5
0.125,395.5,169.5,386.5,170.5,374,153,398,155,403,142.5,391,149,406.5,129,390,196,390.5,181.5,378.5,178.5,372,178.5,384.5,191,387,217.5,382,197.5,395,183.5,384.5,179.5,380.5,178,398.5,125,386,181.5
0.133333,395,170,386.5,170.5,374,153,397.5,155,399.5,144.5,391,147,407.5,128.5,389.5,196.5,388,181.5,375.5,179.5,372,178.5,381.5,192.5,385,216.5,382,198,393,184,382.5,180,379,178.5,398.5,125,386,181
0.141667,394,170,384.5,170.5,370.5,152.5,395,154.5,395.5,143,391,147,407.5,128.5,387,197,386,182.5,374,179.5,369.5,180,381.5,193,383.5,216.5,382.5,198,393,185.5,381,180,377.5,179,398.5,125,385,182.5
0.15,392,170.5,383.5,170.5,370.5,152.5,393.5,154.5,393,140,391.5,147,407.5,128.5,385,199,384.5,183,372.5,180,367,181,380.5,193,382.5,217,380.5,198.5,393,187,381,180,378,179,398.5,125,384,182.5
0.158333,391,170.5,381,170.5,369,156.5,394,146.5,388.5,139,392,147,407.5,129.5,382.5,197.5,384.5,183,372.5,180,363.5,181.5,377,192,381.5,219.5,379,198.5,392,189,386,182,383,179.5,398.5,125,383,183
0.166667,390,170,379.5,171,367,157,391.5,146.5,386,138.5,390.5,147,407.5,130.5,381,197.5,382,184,370.5,180.5,363.5,181.5,376,192,380,217.5,378.5,198.5,391.5,189,386,181.5,383,179.5,397.5,125,381,183.5
0.175,387.5,170,379.5,171,365.5,157.5,388.5,143.5,385,136.5,389.5,145.5,407.5,130.5,381,197,381,183.5,367.5,181.5,363.5,183,373,194,379.5,217.5,377,198.5,390.5,190,384.5,180,381.5,177.5,397.5,125,378.5,184
0.183333,386.5,170.5,376,172.5,364,157.5,386,145,381,137,387.5,147.5,407.5,130.5,380.5,197,379.5,183.5,366.5,181.5,361.5,182.5,373,194,378.5,218,376.5,198.5,389,189,382,178.5,379.5,176.5,397.5,125,378.5,184
0.191667,385.5,170.5,372,171.5,363.5,159,383,144.5,378,136,387.5,147.5,406.5,130.5,379,196.5,378.5,183.5,364.5,182,359.5,183.5,373,194.5,376,219.5,374,199,389,189,384,180,380.5,177,395.5,125,378,184
0.2,384,170.5,375,172.5,360.5,159,382,144.5,375.5,136,386.5,149.5,406,130.5,376.5,196.5,375.5,184,363,183,358.5,184,371,194,372,218,372.5,200,386,188.5,383.5,179,380.5,175,395.5,125,376.5,184
0.208333,382,171.5,375,172.5,359,159,378.5,144.5,373.5,135.5,386.5,149.5,406.5,133,375.5,199,372.5,184,362,183,357,184,368,196.5,373,219.5,371,200,385,186.5,383,179,381,175,395.5,125,375,184
0.216667,381,171,373.5,173,357.5,159,376.5,143.5,370,134,386,149.5,405.5,130,373.5,199.5,372.5,184,362,183,354,185.5,367,196.5,373,220,371,200,384.5,189.5,383,179,380.5,175.5,395.5,125,374.5,183.5
0.225,380,171.5,372,173.5,355.5,158.5,373.5,141.5,366.5,133,384,149.5,405.5,131,372.5,198.5,372,184,361.5,183,354,184,366.5,196.5,369.5,220.5,368.5,200,384,188.5,383,180,380.5,175.5,395.5,125,374,183.5
0.233333,377.5,173.5,369,173.5,355,158,372,142,363.5,131.5,384,149.5,405,131,370.5,198.5,369.5,184.5,359,184,353,185,365.5,196,368.5,220.5,367.5,200,382.5,189.5,382,181.5,379,175.5,395.5,125,373.5,183.5
0.241667,376,172.5,367.5,173,352,157.5,371,140,361.5,132.5,383.5,150.5,403.5,132.5,369,199,369.5,184.5,358.5,184,351.5,185,365.5,195.5,367.5,220.5,367.5,200,381,190,381.5,181.5,378,177,395.5,125,370.5,183.5
0.25,375,173,367.5,173,351.5,157.5,368,139,359,133.5,383,150.5,402,133,367,199.5,367,184.5,355.5,184,351.5,185,361.5,196.5,365,220,366.5,200.5,381,190,380,181,377,177.5,395.5,125,368,183.5
0.258333,373.5,173.5,366,173,349,157.5,366,139,354.5,132.5,381.5,151,402,134.5,367,199.5,364,184.5,353,185.5,350,186,359.5,196.5,362,220,368.5,202,380,191,378.5,182.5,375.5,177,395.5,125,367.5,181.5
0.266667,371.5,174,365,173,348.5,157.5,362.5,138.5,351.5,131.5,381,151.5,402,135.5,364,199,364,184.5,352.5,184.5,345.5,186,357.5,196.5,359,220,368,202,378.5,191,377.5,182.5,375,177,395.5,125,366,181
0.275,370.5,173.5,362.5,173,346.5,157.5,361,137,348.5,131.5,379.5,151.5,401.5,138,363.5,199,362.5,184.5,352.5,184.5,346,186,357.5,196.5,363,222,367,202,376.5,192,377,182.5,374,177,395.5,125,365,182
0.283333,369.5,173.5,360,173.5,346.5,157.5,358,136.5,344.5,131,379,151.5,400.5,137,362.5,199,362,184.5,350,185,346,186,357.5,196.5,361,221,367,201.5,375.5,191.5,376,182,373.5,177,395.5,125,364.5,182
0.291667,368.5,173.5,357,173.5,343.5,158.5,355.5,135.5,343.5,131,378,151.5,400,138,360.5,198.5,358.5,184.5,350,185,344,186,354.5,196.5,358,221,366,200.5,374,190.5,375.5,181,370.5,176.5,395.5,125,361.5,183
0.3,367.5,173.5,357,173.5,343,158.5,355,134.5,341,130.5,376.5,152.5,399,138,358,198.5,358.5,184.5,348.5,185,341,187,353.5,196,357.5,221.5,364.5,201,374,190.5,373,181,370.5,176.5,395.5,125,359,183
0.308333,366,174,356.5,173.5,341.5,156.5,350,133,340,130,376.5,152.5,398.5,139,358,199,356,185,347.5,185,339,186,353,195.5,353.5,222,362.5,201.5,372.5,191.5,372.5,183.5,370,176.5,396,127,358.5,183
0.316667,363.5,174,354,173.5,341.5,156.5,348,133.5,333,133.5,374.5,152.5,396,141,357,199,353.5,185,346.5,185,340,186,350.5,196,352.5,221,360.5,201.5,372,191,372.5,183,369.5,177.5,396,128,357.5,183
0.325,363.5,174,352.5,173.5,340.5,157.5,344.5,134,330,132.5,373.5,152,395.5,141.5,355,199,353.5,185,342.5,185,339.5,186,347,197,351.5,221,360,201.5,369,190.5,369.5,182,367.5,177.5,395,130,356.5,183
0.333333,361,174,352,173.5,338.5,158,343.5,132.5,330.5,131.5,372,152,394,143,354,199.5,351,185,343,184,333,187,345.5,195,349,219.5,359.5,201.5,369,190.5,369.5,182,365.5,177,395,131,356,183
0.341667,359.5,174,350.5,173.5,337,158,341,131.5,329,131,370,152,394,144,352,199.5,349,185,342,184,332,185.5,345.5,195,348.5,219.5,357.5,201,367,190.5,367,182.5,364,177.5,394,131,355.5,183
0.35,358.5,174,350,173.5,337,158,338.5,132,326,131,369,152.5,394.5,144.5,351.5,199.5,349,185.5,337.5,184.5,330.5,186,343.5,195,348.5,219.5,357,201,366,190,365,182.5,364,177.5,394,131,354,183
0.358333,357.5,174,346,173,334.5,157.5,335,129.5,326,131,368.5,152.5,394,144.5,350,200,348,185.5,338,184.5,329.5,186,343,195,347.5,219.5,354.5,201.5,365.5,190.5,365,182.5,362,177.5,394,133,350,182.5
0.366667,356,173.5,345.5,173,333,157.5,334,129.5,322,132.5,367,152.5,391.5,146.5,348,199.5,347,185,337.5,184.5,329.5,186,343,197,345,220.5,353,202,363,190.5,362,182,360,177,392.5,133.5,349.5,183
0.375,353.5,173.5,344,173,332.5,157.5,332.5,129.5,318.5,132,364.5,152.5,391.5,146.5,345,201,344.5,185,335.5,183.5,328.5,185,339.5,195,344,220,352.5,202,361.5,190.5,361.5,182,359,177,392,137.5,347,184
0.383333,353,174,343,173,331.5,156.5,331,129.5,316.5,133.5,362.5,152.5,389,149,344,200.5,344.5,185,335.5,184.5,328.5,184.5,338.5,195,343.5,219.5,350.5,202,360.5,190,360.5,182,359,177.5,391.5,136.5,347,184
0.391667,351.5,173,342.5,173,331,156.5,327.5,128.5,314.5,133,360.5,152.5,389,149,342,200.5,342.5,185,334,184.5,328,184.5,337.5,194.5,343,218.5,348.5,201.5,360.5,190,358.5,181.5,356.5,176.5,390,136.5,344,184.5
0.4,350.5,173,342.5,173,330.5,156,327,129.5,313,134.5,360.5,152.5,389,148,340,200,341.5,185,332.5,184,326,184.5,336.5,194.5,340.5,219.5,348,201.5,357.5,190,358.5,181.5,354.5,176,390.5,138.5,343,185.5
0.408333,349.5,173,340,173,329.5,154.5,326,129.5,313,134.5,358,152.5,386.5,148.5,339.5,201,340.5,184.5,332.5,184,326,184.5,335,194.5,339,220,348,201.5,356,191,355.5,181.5,354,176,388.5,138.5,342,185.5
0.416667,348,173,338,174,326.5,154.5,323,128,311,135,357.5,152.5,384,150.5,338,200.5,339.5,184.5,326.5,183.5,323.5,182.5,334.5,194,338,220,346.5,201.5,354,191,355,181.5,352,176,388.5,140,340,185.5
0.425,346.5,172.5,335.5,173,326,154.5,322,127.5,310.5,134.5,356,151,384,152,337,200.5,338,184.5,325.5,181.5,321.5,181.5,333,193.5,336.5,219.5,345.5,201.5,354,191,353.5,181.5,352,176,387,141.5,339.5,185.5
0.433333,344.5,172.5,334,172.5,325,152.5,320,127,309,134,355,151,382.5,153,335,202,336.5,184.5,325.5,181.5,320.5,181,331.5,194,335,218.5,345,201.5,351,191,353.5,181.5,350.5,176.5,385.5,141.5,339,185.5
0.441667,343.5,174,333.5,172,324.5,152,318.5,127.5,308,134,353.5,151,380,154,335,200,334.5,184.5,324,180.5,320.5,181,331.5,194,335,218.5,343.5,201.5,350,191.5,350,179,349,174.5,383.5,143.5,336.5,185
0.45,342.5,174.5,334,172,323,152,317,127,307,134.5,351.5,151,380,154,333,200,334.5,185,323,180.5,318.5,180,330.5,194,333.5,218.5,341.5,201.5,348.5,192.5,349.5,181,347,176,383,144,337,185
0.458333,341.5,174.5,332,171,320,153,317,126.5,306.5,134.5,350.5,151,379,154,331,200,333,185,322.5,180.5,316,179.5,327,194,333,218.5,336.5,201.5,348.5,189.5,346.5,180.5,345.5,176,381,146,336,184
0.466667,340,173.5,330.5,171,321.5,151,317,128,304.5,135,349,150.5,376.5,155.5,330,200,329.5,184.5,321,181,316,179,325,193.5,331,218,336,201.5,347,189,346,179,343,176,381,146.5,334.5,183
0.475,337.5,172.5,329,171,322,151,315.5,128,303,134,347.5,150.5,373,156.5,329,199.5,328,184.5,321,178.5,315.5,179,322.5,193.5,328.5,218,332.5,201,345.5,188,344,177,342,175,379,149,334,183
0.483333,337.5,172.5,329.5,169.5,321,150,314,127,303,133.5,344.5,149,371.5,157,328,199,328,184.5,319.5,178.5,313.5,178,322.5,193.5,328,218,332,201,344,189,341.5,178,341.5,175,377.5,148.5,332.5,183
0.491667,336,172.5,328,169.5,319,150,313.5,126.5,302,133.5,342,148.5,368.5,157,325.5,199,327,184,319.5,178.5,311.5,179,321.5,192,326.5,218.5,330,201,342,187,340,178.5,336.5,175,375.5,149,332,182
0.5,334.5,172.5,328,169.5,317,148.5,312,126,300.5,132.5,342,148,366,159.5,325.5,199,327,184,316.5,179,311,177.5,320.5,193.5,324.5,218.5,330,201,340.5,186.5,337.5,178.5,334.5,175,373,151,330,181
0.508333,332,172.5,324,169.5,317,148.5,312,126,300.5,132.5,340.5,148,365.5,159.5,323.5,199.5,324.5,183.5,316.5,178.5,311,175.5,319,193.5,324.5,218,327.5,201,339,186.5,336.5,178.5,333,173,372.5,152.5,327,179.5
0.516667,331,171.5,324,170,316,150,310.5,126,295.5,132,339,148,362.5,161,322,197.5,321.5,183.5,316.5,177,311,175.5,317,193.5,322,217,325,200,338,187,335,178,331.5,173,370,153.5,327,181
0.525,331,171.5,324,170,315,150,310,126,299,131,336.5,148,360.5,162,319,199,321,183.5,314.5,177,309.5,174,316.5,194,320.5,216.5,325,200.5,338,187,332.5,176.5,331,171.5,368.5,153.5,325.5,181
0.533333,328.5,171.5,321,170,314,149.5,309.5,126,296.5,131,335,148,358,162.5,319.5,199,319,182,313,176.5,307,173.5,315.5,195,318,217,323,200.5,335,187.5,331.5,175,326,171.5,366,153.5,325,181
0.541667,327,171,318,168.5,312.5,148.5,309,126,296,129.5,333.5,146.5,356,162.5,316.5,197.5,319,182.5,312.5,175.5,306.5,173.5,313.5,193.5,317,216.5,321,200,334.5,187.5,328.5,174.5,326,171.5,365,154,325,180.5
0.55,326.5,171,318,168.5,312.5,148.5,308,126,295.5,129,332,146.5,353,162.5,316.5,197.5,319,182.5,311.5,175,306,172.5,310.5,193,316.5,216.5,321,200,331.5,186,327.5,174.5,322,170,362.5,154.5,323,180.5
0.558333,325,170.5,317,168.5,312,150,308.5,125.5,295.5,128.5,329.5,147.5,351,163,315,197.5,317.5,183.5,308,172.5,305.5,172.5,310.5,194.5,315,216,317,199.5,330.5,184,327,174.5,323.5,171.5,359.5,156,322.5,180.5
0.566667,323,170.5,317,168.5,309.5,150,308.5,125,294.5,126.5,327,146,346,162,314.5,197,316.5,181.5,309,174,305,171,310,194,314,216,315.5,199,330.5,184,323,175,319,172,357.5,157,320,180.5
0.575,322.5,169.5,315.5,168.5,308.5,150,307.5,125,292.5,125,325.5,145.5,343.5,163,311,197,316.5,181.5,309,174,304.5,169,308,194,310.5,216,315.5,198.5,327.5,185.5,320.5,175,315,173.5,355.5,156.5,316.5,181
0.583333,321,169.5,314.5,168,307.5,150,307.5,125,295,125.5,324,145.5,343.5,163,310,196.5,314,181,308,173.5,303,168.5,307,193.5,308.5,216,314.5,199,324.5,185,318,174,314.5,173.5,353.5,156,315.5,181.5
0.591667,319.5,169,314.5,168,308,150,307.5,125,293.5,125,321,144.5,340,162,309,197,313.5,182,307.5,173.5,302.5,168.5,304.5,193.5,307.5,216,312.5,199,324.5,184,316,173.5,312.5,172.5,350.5,156.5,315,181.5
0.6,317.5,168.5,314,168,305.5,149,307.5,124.5,293,124.5,320,144.5,338,163.5,308,197,313,181.5,307.5,173.5,302.5,168.5,303.5,194,307,214.5,310.5,198.5,323.5,183,315,173,311,172.5,346,156.5,314.5,181.5
0.608333,316.5,168,313.5,167.5,304.5,148,307.5,123.5,293,124.5,318.5,145,334.5,162,307,197,311.5,181,306.5,173,300.5,168.5,301.5,192.5,306,214,310.5,198,322,181.5,313,173,310,173,346,156.5,313,180.5
0.616667,313.5,168,312,167,304,148,307,123.5,295.5,124,316,144.5,333.5,162,306,195,311,181,306,171.5,300,168,301,192.5,305.5,214,308.5,197.5,320,181,311,172.5,308.5,171.5,343,156.5,312.5,179.5
0.625,313.5,168,312,167,302,147.5,307,123.5,296,124.5,314.5,144,332.5,162,303.5,195,309,181,304.5,171.5,299.5,166.5,299,192,304.5,214.5,308,197.5,319,180.5,310,174,307.5,173.5,340,156.5,310,179
0.633333,311.5,167.5,310.5,167,302,147.5,307,123.5,294.5,123.5,311.5,143.5,329.5,162,303.5,195,309,181.5,304,171.5,299.5,166,299,192,303.5,214.5,306.5,197.5,317.5,180.5,306.5,174.5,303.5,173.5,339,156,309.5,179
0.641667,309,167,308,167,301.5,147.5,307.5,123.5,294.5,123.5,309,143,325.5,161,302,195,308,182,303.5,171.5,299.5,165.5,298.5,192,302.5,213.5,305.5,197.5,315.5,180.5,304,174.5,301.5,173.5,336,156.5,309.5,179
0.65,307.5,167,308,166.5,299.5,147.5,308,123.5,294.5,123,305.5,143,325,160.5,302,194.5,306.5,182,303,171.5,299.5,165.5,297.5,192,301,214,305,197.5,313.5,179.5,303.5,174,299,172.5,333,155.5,308,179
0.658333,306.5,166,308,166.5,299.5,147.5,308,123.5,295.5,122.5,304.5,143,322,159,300,193.5,306.5,180.5,303,171.5,299.5,165.5,295.5,192,297,214.5,301,197.5,311,181.5,301,174,296.5,172.5,331,155.5,307,178.5
0.666667,304.5,166,308,166.5,298.5,147,308.5,123.5,296.5,122,303,142,321,159.5,298,193.5,305,181.5,303,171.5,298,165.5,293.5,192,297,214,299.5,196.5,308,180,299.5,173.5,293.5,172,328,153.5,303.5,178.5
0.675,303.5,165.5,307,166.5,299.5,145.5,308.5,123.5,298,121.5,300,141.5,319,159.5,298,193.5,303.5,181.5,303,171.5,295.5,165.5,289.5,193.5,296.5,214,299,196.5,306.5,180,297,173.5,291,174.5,325,154,301,178
0.683333,302.5,166.5,306,166,296,146,307.5,123.5,297.5,122.5,298.5,144,315.5,160.5,297.5,193.5,302.5,182.5,301.5,171.5,295.5,165,291.5,192,298,215.5,296,196.5,305.5,180,294,173.5,289.5,173.5,324.5,153,299,177.5
0.691667,301.5,166,305.5,166,296.5,145.5,307.5,123.5,297.5,122.5,295.5,145,314,159,296.5,193.5,301.5,181.5,298.5,172,296.5,164.5,289.5,192,294,213.5,291.5,195.5,303,179,291.5,175,288,173.5,322.5,151,297.5,177.5
0.7,299,168,303.5,165.5,295,145,308,123.5,297,122.5,293,145.5,312,159,296.5,193.5,300,182,299,171.5,293,165.5,288.5,193.5,293,217,291.5,195.5,301.5,183,290,175,285,178,321,151.5,296,177.5
0.708333,299,168,301,165.5,296.5,145.5,308,123.5,295.5,122.5,291.5,145.5,312,159,295,193.5,298,182.5,298,171.5,293.5,166.5,290,193,290,214,291.5,195.5,299.5,182.5,287.5,175.5,282,178.5,318,151,294,177.5
0.716667,297.5,168,299.5,166,296,145.5,308.5,124.5,295.5,122.5,288,146.5,310.5,157.5,295,193.5,298,182.5,298,171.5,294,166,288,192.5,290,214,289,195.5,299.5,182.5,285,176,280,177.5,316.5,149.5,292,178.5
0.725,296.5,167,297,167,295,146.5,307.5,124.5,295,122.5,286.5,147,310,157.5,291.5,195,298,182.5,298,171.5,294,167,285.5,192.5,286,214,286.5,195.5,298.5,182.5,283,178.5,277.5,178.5,312.5,149.5,290,178.5
0.733333,295.5,167.5,296.5,167,293.5,148,307,125,294.5,122.5,283.5,148,306,158.5,290,196,297.5,182.5,295.5,171.5,292.5,167,283,194.5,286,212.5,286,195.5,297,179.5,282.5,178,277.5,179.5,311,148.5,289.5,178.5
0.741667,293.5,167.5,296,167,292.5,148,308,125,294.5,122.5,281.5,149,303,157,288,196,295.5,182.5,294.5,172,292.5,167,281.5,194,284,213,283.5,196,295.5,179,280,178,275,180.5,309,146.5,289.5,179
0.75,292,168,293.5,167,292.5,148,308.5,125,294.5,122.5,281,149,302,156,287.5,196,295.5,185,293.5,172,290,167,278,193.5,284,216.5,283.5,196,294.5,179,278,178.5,272,181,307,146.5,290,179
0.758333,292,168,293,167,292.5,148,307.5,125.5,294.5,122.5,278,150,301,156,285,197,294.5,185,293.5,173,290,167.5,280,192.5,282.5,214.5,283,195.5,292,179.5,275.5,180,272,181.5,305.5,145.5,288.5,179
0.766667,289,169.5,292.5,166.5,292.5,148,307.5,125.5,294.5,122.5,276,150.5,299,156.5,284,196,294.5,186,293,174,289.5,168.5,278,192,282.5,214.5,281.5,195.5,289.5,178.5,273.5,180,269.5,182.5,303.5,144,288,179.5
0.775,287,168,292.5,166.5,292.5,148,307.5,125.5,294.5,122.5,274,151.5,297,154,284,196,293.5,186.5,293,174,288.5,170,276,192.5,280,214.5,281.5,195.5,287.5,178.5,273,180,267.5,182.5,301,144,286,179.5
0.783333,286.5,168,288,166.5,292.5,148,308,125.5,294.5,123,272.5,152.5,294.5,154.5,283.5,196.5,292,187,290.5,174.5,287.5,169.5,275.5,194.5,279.5,214.5,279,195.5,286,179.5,271.5,180.5,265,182.5,297,143.5,284.5,179.5
0.791667,284.5,168,287.5,167,292.5,148,307.5,127,294.5,123,270.5,153.5,295.5,154,282.5,196.5,292,187,290.5,174.5,285.5,169.5,272.5,194.5,278.5,214.5,279,195.5,284.5,179.5,270.5,182,266,184.5,294,141.5,284.5,179.5
0.8,282,168,285.5,168,292.5,148,307,127,294.5,123,269,154,293,153,282,196.5,290.5,187.5,290.5,174.5,284.5,170.5,272,194.5,278,214.5,278,196,282.5,179.5,269.5,182.5,265,184.5,291.5,140,281.5,184.5
0.808333,281,168.5,285,168,289.5,146.5,306,128.5,294.5,123,267.5,154,291,153,280.5,196.5,289,187.5,288,176,283.5,172,270,194.5,277,214.5,273,196.5,281,179.5,267,183,262.5,184.5,289.5,138.5,277.5,181.5
0.816667,279,169.5,283,168,290.5,147.5,306,128.5,294.5,123,265,154.5,290,151,280,196.5,286.5,188,288,176,283.5,172,272,195.5,275.5,215,273,196.5,278,179.5,267,184,262,184.5,286,139,277.5,184
0.825,278,169.5,282.5,168,290.5,147.5,306,128.5,295,123.5,264.5,155.5,287,150,276,197.5,286.5,188,286.5,176.5,283.5,172,269.5,195,273.5,215,273,196.5,278,179.5,264.5,183.5,260.5,186.5,283.5,137,275,184
0.833333,276.5,170.5,280.5,168,290.5,147.5,306,128.5,295.5,124.5,262.5,155.5,284.5,148.5,274.5,198.5,285.5,188.5,286.5,177,283.5,172,269.5,195,273,215.5,273,196.5,277,180,264.5,183.5,259,187,282,137,274.5,183.5
0.841667,274.5,170.5,280,168,289.5,147.5,306,128.5,294,123,260.5,156.5,281.5,148,274,198.5,283.5,190.5,285,177.5,282.5,173,268.5,194.5,271,216,271.5,196.5,276,180,261.5,184.5,257.5,188.5,277.5,138,273.5,183.5
0.85,272.5,171.5,279,169.5,288,147.5,305,130,294,122.5,259.5,156.5,279.5,146.5,273,199,283,190.5,284.5,178,280.5,174,266,196.5,270,216.5,267.5,195.5,273.5,180.5,259.5,185,256.5,188.5,274.5,138,271,183.5
0.858333,272,171.5,277,170.5,285.5,149,303.5,131,294,122.5,257.5,157.5,278,146,273,199,281.5,191,281,179.5,280,174,262.5,196.5,269.5,216.5,267.5,195.5,271.5,181.5,260.5,184.5,253.5,190,273,137,271,183.5
0.866667,271,172,272.5,171,285.5,149.5,302.5,131,294,122.5,256.5,157.5,276,146,271,200,280.5,191.5,281,179.5,278.5,174,262,196.5,266.5,217.5,265.5,196,270,182.5,254,186.5,252.5,190,269.5,136.5,269.5,183
0.875,269.5,172.5,272,171,283.5,150.5,302,131.5,294,122.5,254,158,273.5,146,268.5,200.5,280,191.5,281,179.5,275,174,263,196,265.5,217.5,264,196.5,268,182.5,254,186.5,251,190.5,267,136,268,184
0.883333,268,172.5,269.5,171.5,281.5,151.5,302,131.5,293,122.5,254,158,272,143,268.5,200.5,279,192,281,179.5,276,173,260,197,264.5,217.5,264,196.5,266,182.5,253.5,186.5,250,190.5,264.5,135.5,265.5,185.5
0.891667,266,173,269.5,171.5,281,150,301,132,293,122.5,251.5,159,269.5,142.5,266.5,200.5,278,192,280.5,179.5,275,174,260,197,261.5,217.5,261.5,196.5,266,183,252.5,187.5,251,191,263,135.5,265,185.5
0.9,265.5,173,267,172.5,280,150,300,133.5,292.5,123.5,249.5,159.5,267,141.5,265.5,200.5,275,192,280.5,179.5,273,173.5,258.5,196.5,261.5,217.5,261.5,196.5,264.5,183,249.5,186.5,248,190,260,135,262.5,184.5
0.908333,262.5,172.5,265.5,172.5,279,151,300,133.5,294.5,123.5,249.5,159.5,266.5,141.5,265.5,200.5,274,193,277,180,271.5,176,256,196.5,261.5,217.5,260,197,264.5,183,249.5,187.5,245.5,190.5,256,134.5,262.5,186
0.916667,262,173.5,265.5,172.5,279,151,298.5,135,294.5,123.5,247,160,262.5,140.5,262.5,200.5,273.5,192.5,276.5,180,271.5,176,252,196.5,261,218,259.5,197,263.5,183.5,249,187.5,245.5,190.5,255,134.5,262,185.5
0.925,261.5,175,265,173,279,151,298,135.5,296,126,245.5,160,260.5,140,262,200.5,272.5,193.5,274.5,181,272,176,255,195.5,259.5,218,258,197.5,262.5,183.5,247,187,242.5,192,253,133.5,261,185
0.933333,259.5,174.5,263,173,279,151,297.5,135.5,294.5,125,245,160,258,139,260,200.5,272.5,194,270.5,181,272,176,253,196,257,218,255.5,198,261,183.5,245.5,188.5,240.5,192,247.5,134,260,184.5
0.941667,258,174.5,263,173,277,151.5,297,138,294.5,125,242.5,160,255.5,138.5,258.5,201.5,270.5,194,270.5,181,269.5,175.5,252,196.5,254.5,218,253.5,198,259.5,183.5,242,189.5,238.5,192,245.5,134,258,184.5
0.95,256.5,173.5,262.5,173,273.5,151.5,297,138.5,295,126.5,242.5,160,253,138,256.5,201.5,270,194,270.5,181,269,176,250.5,196.5,253,218,252,198,257.5,183,240.5,188,236.5,193,243,134,257,185.5
0.958333,254.5,173.5,261,173.5,273.5,151.5,295.5,139.5,295,126.5,240.5,160,250.5,138,256,201.5,269,194,268,181,268.5,175.5,249,197,252.5,218,252,198,256.5,183,240.5,188,236,191,240.5,134,257,185.5
0.966667,254.5,173.5,258,173,273.5,152,294.5,140.5,294.5,130.5,239,160,249,137,255.5,201.5,267.5,194,267.5,181.5,266,176,247.5,198,250.5,218,250,198.5,256,183,240.5,188,234,190,237,134,256,185
0.975,253.5,173.5,256.5,173,270.5,152,294.5,140.5,294,129.5,239,159,247.5,137,253.5,201.5,265.5,194,265.5,183,263.5,176.5,246,198,247.5,218,250,198,253,183,239,188,233.5,191,234,132.5,252,187.5
0.983333,252,173.5,255,172,270,152,293.5,140.5,294,130.5,236.5,159.5,244.5,136.5,253,201.5,264.5,194,264.5,183,263.5,177,245.5,198,250.5,217.5,247.5,197.5,253,183,238,188,231,191.5,232,132.5,251.5,187.5
0.991667,250,173.5,252.5,174,267,152,292,142,293.5,132,234.5,159.5,241.5,134.5,252,201.5,264.5,194,264,183,261.5,177,244,199.5,250.5,219.5,247.5,197,251.5,184,237.5,188,230,191.5,229.5,132.5,250,187.5
1,248.5,173.5,252.5,174,266,152,291,144,293,132.5,234.5,158,240,134.5,251,201,261.5,194,262,183,260,176.5,242,197.5,247,218.5,243,199.5,250,184.5,236,188,230,191,227.5,133,249,187.5
1.00833,248.5,173.5,252.5,174,264,152.5,288.5,146,292.5,134.5,232.5,158,238,133.5,247.5,201.5,261.5,194.5,260.5,183,259.5,177.5,240.5,197.5,245.5,218.5,244,197.5,247,184.5,233.5,187.5,228.5,190.5,225.5,133,249,187.5
1.01667,246,173.5,250,173,264,152.5,287,146,292.5,134.5,232,158,235,133,248,201.5,259.5,194.5,260.5,183,256,178,239,198,245.5,218.5,241.5,198,246.5,184.5,229.5,188,225,191.5,221,132,248,187.5
1.025,244.5,173.5,249.5,173,262,153,285.5,147,292.5,137,230,157.5,232,132.5,246,200,259,194.5,259.5,183.5,256,176.5,240.5,200.5,244.5,218.5,242,198,244.5,184.5,229.5,187.5,223,190.5,220,131.5,246.5,187
1.03333,244,173.5,246.5,173,262,153,285.5,147,290,136.5,229.5,157.5,230,132.5,245.5,200,257.5,195,258,184,256,176,238,200.5,243.5,218.5,241.5,198,243,185,227.5,186,223,190.5,219,131.5,246,187
1.04167,242,173.5,246.5,173,259.5,153.5,285.5,149.5,288.5,138,228,157.5,230,131.5,243.5,200,256,195.5,256,184,251,177,238,199,241.5,218.5,240,198.5,241.5,185.5,227,186,220.5,188.5,216,131.5,245.5,187
1.05,242,173.5,245.5,173,255.5,153.5,283.5,152,286.5,138.5,227.5,157.5,226.5,130.5,242.5,200,255.5,195,254.5,183,251,177.5,234.5,198,241,218.5,236.5,198.5,238.5,185.5,226.5,185.5,219,188.5,215,131.5,243.5,187
1.05833,240.5,173.5,243.5,173.5,254,153.5,282,152,287,141.5,226,156.5,225,131.5,242.5,200,253.5,194.5,250.5,183,248.5,177,233.5,198.5,240.5,218.5,236.5,198.5,236.5,185.5,224.5,185,218,188,211.5,131.5,240,187
1.06667,239.5,173.5,241,174,254.5,153.5,282,152.5,286,142,224.5,155,221.5,130,240.5,201,251.5,194.5,251,183,248.5,177,231.5,197,239,218.5,234.5,198.5,236.5,185.5,222,185,216.5,187,211,131.5,240,187
1.075,237,173,241,174,254.5,153.5,277,154.5,285,143.5,224.5,155,221.5,130,238.5,201,249.5,194.5,251,183,246,175.5,231,197,237.5,218.5,234.5,198.5,234.5,185.5,221,185,217.5,187.5,211,131.5,239,187.5
1.08333,236,173,241,174,254.5,153.5,275.5,154.5,284,145.5,222,156,219,130.5,238,201,249,194.5,249.5,182,245,175.5,230,196,236,218.5,234.5,198.5,232,185,221.5,184.5,214,186,208.5,131.5,238.5,187.5
1.09167,235.5,171.5,238.5,173.5,251.5,152,275.5,154.5,282.5,144.5,222,155,217,130,236,200.5,247.5,193.5,249,182,244,175.5,228,197,235,218.5,234,198.5,231,183.5,220,184.5,212.5,184.5,207.5,131.5,236,187
1.1,232.5,173,238.5,173.5,248.5,152.5,273,157,281.5,144.5,222,155,215.5,129.5,235.5,200.5,246.5,193.5,246,181.5,240.5,178,228,197,231.5,219.5,233,198,230.5,183.5,217,182,210.5,184.5,203,131.5,235,187
1.10833,232,173,235.5,174,246,152,270.5,155,280.5,146.5,221.5,154,214.5,129.5,234.5,200.5,244.5,193,243,181.5,240,177,226.5,196,231.5,219.5,230.5,198,230,184,217,182,209.5,182.5,202.5,131.5,233.5,186.5
1.11667,232,173,235.5,174,245.5,151.5,270.5,155,277.5,148,220.5,154,210.5,129,234,200,241.5,194,243,181.5,240,176,225,195.5,228.5,219.5,229.5,198,227,183,214.5,182,209.5,182,200.5,131.5,233.5,186.5
1.125,231,172,234.5,173.5,244,151,268.5,156,276,149,218.5,154.5,209.5,129,231.5,200,242.5,192.5,241,181,239.5,176,223.5,196.5,227,218.5,230,198,228,184.5,214,182,209,181,199,131.5,233,186.5
1.13333,230,172,234,172.5,241.5,151,265.5,157,276,150.5,217.5,153,207.5,128.5,231.5,200,240.5,191.5,239.5,178.5,236,176,222,198,225,218.5,227.5,198,225,183,213.5,181.5,208.5,180,197,131.5,231,186.5
1.14167,228.5,171,232.5,172.5,241.5,151,263,157.5,272.5,150.5,214.5,153,207.5,128.5,229,199.5,240.5,191.5,235.5,180.5,234.5,175,220,197.5,224,218,227,198.5,223.5,182.5,213.5,181,206.5,180,196,131.5,228.5,186.5
1.15,228,170.5,230.5,172.5,239,151,262,159.5,270,152,214.5,153,207,128,228,199.5,238.5,190.5,235.5,180.5,230,174.5,220,197.5,222.5,217.5,225,199,222.5,182.5,213,180,206.5,179.5,194,131,227.5,186.5
1.15833,225.5,170.5,228,172,236.5,149,258.5,160,267.5,152,214.5,153,203.5,127.5,228,200,235.5,191.5,232.5,180.5,228,173.5,219.5,197,220.5,217,224,199,221,182.5,211,179,206,179,194,131,227,186.5
1.16667,225,170.5,228,171.5,236.5,149,256.5,160,267.5,153,213,153,205.5,127,225,199.5,236.5,191,232,179,227,174,219,196.5,220.5,217,223.5,198.5,221,182.5,209.5,179.5,204.5,178,193,130.5,221,186.5
1.175,224.5,170.5,228,171.5,232.5,150,255.5,160,264.5,153,212,153,205,126.5,223.5,198.5,233.5,191,230,178.5,227,174,217,196,220.5,217,221.5,198.5,220.5,183.5,209,178,204.5,178,191.5,131,222.5,186.5
1.18333,223.5,172,224.5,171.5,232,149,253,160.5,262.5,154,212,153,203,127.5,223.5,198.5,232.5,189,228.5,178.5,223,173,213,196,219,217,221.5,198.5,218,183.5,206.5,177,202.5,174.5,191,131,221,185.5
1.19167,223.5,171,224,171.5,229,148,250.5,160.5,261.5,155.5,210.5,151.5,203.5,125.5,221.5,198.5,230,188.5,228,178.5,221.5,174.5,214,195.5,217,217,219,198.5,216.5,183,206.5,177,202.5,173.5,190,131,220.5,185.5
1.2,219,170.5,221,171,229,148.5,248,161.5,258.5,155.5,208.5,151.5,203.5,125.5,220,197.5,229,188.5,225.5,177.5,220.5,174.5,214,195.5,216,217,219,198,216.5,183,206.5,177,200,173.5,189.5,129,219,185.5
1.20833,217,170.5,219.5,171,227,148.5,248,162,258.5,155,208.5,151.5,201.5,126,220,197.5,228,188.5,223.5,178.5,220.5,174.5,212,195,214,216.5,218,197.5,216.5,183,205,176,199,172,192,129,217.5,186
1.21667,217,170.5,218.5,171,227,148.5,243.5,162.5,255,155.5,208,151.5,201.5,126,218,197,226.5,187.5,222,177,215.5,173,209,193.5,212.5,216.5,212.5,197.5,216.5,184,204,175,199,169.5,191,129,216.5,184.5
1.225,215.5,170,217,171,224,147.5,243,163,253.5,156.5,205.5,150,202.5,123.5,216,196.5,224,187,220,178.5,214,173,206,193.5,212,216.5,213,197,216.5,184,204,174.5,199,170,190,128,216.5,184.5
1.23333,215.5,169.5,217,171,222,147.5,240.5,161,249.5,157,205.5,150,202,122,214.5,196.5,221,186,218,177.5,211.5,173,206,193.5,211,215.5,213,197,216.5,184,204,173.5,198.5,170,187.5,126.5,215,183.5
1.24167,214,169,216.5,171,220,147.5,237,162.5,248,156,203.5,150,202,122,214.5,196.5,221,184.5,216,176.5,210.5,173,206,191,210.5,215.5,213,197,216.5,184,204,173,198,170.5,189.5,124.5,213.5,183.5
1.25,214,169,214,169.5,220,147.5,237,162.5,245,156,203.5,150,201,122,212,196,219,184.5,213,175.5,207,173,205.5,191,210,215.5,213,197,214,183.5,204.5,173.5,196.5,170.5,188,122.5,211.5,183
1.25833,214,168.5,214,169.5,218.5,147.5,233.5,162,248,155,203,150,201,122,211.5,196,216.5,184.5,211.5,175.5,205,172,204,191,207.5,214.5,212,196,212,182,203.5,172.5,196,170.5,188,123,210.5,183
1.26667,212,168.5,211.5,169.5,217,147.5,232.5,162,243,156.5,202,150.5,201,122,209.5,195.5,216.5,184.5,210.5,175.5,203,172,201,191.5,206.5,214.5,211,195.5,209,181,201,173,196,170,187,123,208.5,182
1.275,210.5,168.5,211.5,169.5,213.5,146,229,160.5,240,155,199.5,150.5,200.5,122,207.5,195.5,213.5,183,206,175.5,203,170.5,200.5,191,204,214.5,210.5,195.5,209,180.5,199,171.5,194.5,168.5,186.5,123,208.5,182
1.28333,209.5,168.5,211.5,169.5,208.5,146.5,227.5,160.5,238.5,154.5,199.5,150.5,200.5,123,207.5,195.5,213,183,203.5,174,195,170.5,199.5,191,203.5,214.5,208,196,209,180.5,199.5,172,195,171.5,186,122,209,182
1.29167,207.5,168.5,207,169,209,146.5,226,161,236,154.5,198.5,150.5,200.5,123,206,195,211,181.5,202,173.5,194.5,170.5,197,191.5,202.5,214.5,205,195.5,208.5,179.5,196,171.5,192.5,171.5,184.5,122.5,208.5,182
1.3,206,167.5,205,168,206.5,144.5,222.5,162.5,234.5,154,197.5,150.5,200.5,123,204.5,195,209,180.5,201,174.5,191,170.5,195,189,201.5,214.5,201.5,195,208.5,179.5,196,171.5,191,170.5,184.5,122,206.5,181.5
1.30833,205.5,168.5,205,168,204,144.5,221,160.5,231.5,153,196.5,150.5,202,123.5,202,194,207.5,180.5,199.5,174.5,191,170.5,194,190,198,213.5,201,195,208.5,179.5,196,173,190.5,171,187,122.5,203.5,180
1.31667,204.5,167.5,204.5,168,202,143.5,218.5,161.5,230,151,194.5,150.5,202,123,202,194,205.5,179,197.5,173.5,189,171.5,194,189,197,214,200.5,195,207,179.5,196.5,174,190.5,171.5,187,122.5,203,180
1.325,203,168.5,203.5,168,199.5,142.5,217,160,229.5,151,194.5,150.5,202,122.5,200,194,204.5,179,195.5,172,188.5,171.5,192,190,196.5,214,198,194.5,204,180,194.5,174.5,189,173,187,122.5,201.5,179.5
1.33333,200.5,168.5,200.5,166.5,198,142.5,215.5,159.5,228,152,193.5,150.5,201.5,122.5,199,194,201.5,178.5,194,172,186,172,191,188,194.5,213,197,193,204,181,194.5,174.5,188,173,187,122.5,199,178.5
1.34167,200.5,168.5,200.5,166.5,193.5,142.5,213,160,224.5,150.5,192,150.5,201.5,122.5,198,195.5,198.5,179,191.5,173,183.5,171.5,190.5,188,193,212,197,193,203.5,181.5,194.5,174.5,187.5,173,186.5,123.5,198.5,178.5
1.35,198.5,167.5,199,167.5,193.5,143,211,159.5,220.5,150,192,150.5,201.5,122.5,196.5,193.5,196,179,188,174.5,181,172,188,190,192,213,195.5,193,202,182.5,194.5,174.5,189,172,186.5,123.5,198.5,178.5
1.35833,198,167.5,199,167.5,191.5,143.5,209.5,159,220,149.5,190.5,148.5,200.5,123.5,196,192.5,195,179,187,174.5,181,172,188,190,190.5,213,195,193,200,184,194.5,174.5,191.5,171,186.5,123.5,196,178.5
1.36667,196.5,168,198.5,167.5,189.5,144,206.5,158.5,217,149,187.5,145.5,200.5,123.5,195.5,192.5,194,179,184.5,174.5,178,172,187.5,191,189,212.5,193,193,199,183,189,175.5,185.5,174,186.5,123.5,196,178.5
1.375,194.5,167.5,197.5,167.5,186.5,144,206.5,158.5,213.5,148,188,145.5,200.5,123.5,193,192.5,194,179,182.5,174,175.5,172,185.5,189.5,186.5,212,191,192.5,199,183,188.5,175.5,184,174,186.5,123.5,195,178.5
1.38333,194.5,167.5,197.5,167.5,184,145.5,206,158,212,148,188,145.5,200.5,123.5,190,192,190,179,180,174,173.5,173.5,184.5,189.5,185.5,212,189.5,193,198,183,187,175.5,183,173,186.5,123.5,194.5,179.5
1.39167,194.5,167.5,195.5,166.5,184,145.5,203,157,211,146,187.5,145.5,201.5,123.5,190,192,188,179,179.5,174.5,172,174,183.5,190,183,212,190,193,198,183,187,175.5,182.5,174,186.5,123.5,194,179.5
1.4,193,167.5,195,166.5,180,146.5,201.5,156,208,145,187.5,145.5,204.5,124,189,192,186.5,179,178,174.5,170,175,182,190,183.5,214,187,192.5,194.5,185.5,187,175.5,183,172,186.5,123.5,192.5,179.5
1.40833,191,167.5,193,166.5,177.5,147,200,157.5,206.5,144.5,186.5,145.5,203.5,123,185,192,185,179.5,175,175.5,167.5,175.5,178.5,189.5,182.5,212.5,185,192,193.5,185.5,187,175.5,183,172,186.5,123.5,191,179.5
1.41667,191,167.5,190,168.5,175,148.5,198,157,202.5,143.5,186.5,145.5,202.5,123.5,183.5,192,184,179.5,174,175.5,167.5,176,178.5,189,181.5,212,185,192,193,188.5,187,175.5,183.5,172.5,186.5,123.5,189,179.5
1.425,189,167.5,190,169,173.5,149,194.5,153.5,200.5,141.5,187,145.5,202.5,123.5,181.5,191.5,182,179,171.5,175.5,165,176.5,177.5,190,180.5,212,182.5,192,191.5,185,189,175.5,186.5,171.5,186.5,123.5,188,179.5
1.43333,188,167.5,188.5,168.5,171.5,150.5,195.5,154,198.5,142,186.5,145,201.5,124,181.5,191.5,181.5,179,170,176,164,177,176.5,190,181,212,182.5,191.5,191.5,183.5,185,175.5,182.5,171.5,189.5,123.5,187,179.5
1.44167,186.5,167.5,187,168,170,150.5,193.5,153,195,142,185.5,144.5,201,124,178.5,191.5,181.5,179,167.5,178,162.5,177.5,174.5,190.5,179.5,212.5,182.5,191.5,191,184,183,175.5,179.5,172,187.5,123.5,186.5,180
1.45,186.5,167.5,187,168,168.5,152,189.5,152.5,190.5,141.5,185,144,201,126,177.5,192.5,178,179.5,167,179,160.5,178.5,174.5,190.5,177.5,212.5,180.5,192,188.5,184,183,175.5,177.5,172,187.5,123.5,185.5,180.5
1.45833,183.5,167.5,184.5,168,166,151.5,188.5,152,188,140,184.5,144,202.5,125,176,192.5,177.5,179.5,164.5,178.5,158,179.5,172,191,175,213,177,192,187.5,184.5,181,175.5,177.5,172.5,187.5,123.5,183,180
1.46667,180.5,167.5,184.5,168,165,152.5,184.5,152,185,141,185,144,201.5,126.5,175.5,194,176,179.5,162,178.5,156,180,170,191,174,213,177,194.5,187.5,184.5,180,175.5,177,173,187.5,123.5,180.5,180.5
1.475,180.5,167.5,183.5,168,164.5,152.5,184.5,148,183,135.5,183.5,144,202,125.5,173.5,194,173.5,179.5,162,178.5,156,180,167.5,191,172.5,213,174.5,195.5,187.5,184.5,180,175.5,176,172.5,186.5,123.5,179.5,181
1.48333,180.5,167.5,180,168,162.5,152.5,183.5,146,182,135.5,182,144,204,127.5,171.5,194,171.5,180,161,178.5,154.5,180.5,167,191,172.5,213,174.5,195.5,187.5,185.5,179,176,177.5,174,186.5,123.5,179.5,181
1.49167,178.5,168.5,177.5,167.5,160.5,154,181,144.5,179.5,134.5,182,144,204.5,125.5,171,194,170,180.5,160.5,178.5,153,181,166.5,191.5,171.5,213.5,174,194,184.5,186,179,176,174.5,172.5,186.5,123.5,179,181.5
1.5,176.5,168.5,175,168.5,158.5,154.5,179.5,142.5,175.5,133.5,181.5,144,203,127.5,168.5,193.5,169,180.5,159,179.5,151.5,181.5,164.5,191.5,171.5,213.5,172,193.5,182.5,186,179,176,175.5,172.5,186.5,123.5,177,183.5
1.50833,176.5,168.5,174,168.5,158,154.5,178,142,172.5,132.5,181.5,144,203,127.5,167.5,194,167.5,181,158,180.5,151,181.5,164,191.5,169.5,214,174.5,195.5,182.5,187,181,176,178.5,172.5,186.5,123.5,175.5,183.5
1.51667,174.5,168.5,172.5,169,155,155.5,176.5,142,171,132.5,178.5,145.5,203,127,166.5,194,166.5,182,155.5,180,150,182,163.5,191.5,167.5,214,172,196,182,187,181,176,178.5,172.5,186.5,123.5,172.5,182.5
1.525,172.5,168.5,172.5,169,155,155.5,173,141.5,167.5,132,178.5,146.5,201,129,163.5,194.5,164,181.5,154,180,149,183,163.5,191.5,166.5,214,169,196,180.5,186.5,179.5,176,177,173,186.5,123.5,170,183
1.53333,172.5,169,170.5,169.5,153.5,156,171,140.5,165.5,131.5,177,146.5,200,129,163,195,161,181.5,152,181.5,147,183.5,162.5,192,165.5,214.5,168.5,196.5,179,186.5,176,175,175.5,170,186.5,123.5,169.5,183.5
1.54167,171,169.5,168,171,152,156,170.5,139.5,162.5,131,176.5,146.5,197.5,129.5,163,195,160.5,181.5,151.5,182,145.5,184.5,159,194,164.5,215,167,197.5,179,186.5,177,175,174,171,186.5,123.5,167.5,183.5
1.55,170,171,167.5,171,150,156,166.5,139.5,160.5,131,176,147.5,196.5,131.5,160.5,195,159.5,182,149,182,143.5,184.5,156,194,162.5,215.5,166,196.5,177.5,186.5,175,175,172,171,186.5,123.5,166.5,183.5
1.55833,166.5,171,165,171,150,156,163.5,138.5,156,130.5,176.5,147,195.5,131.5,160.5,195,159,183,147,182,142.5,185.5,154,194,161.5,215.5,164.5,197.5,175,186.5,174.5,177,171.5,172.5,186.5,123.5,164,183
1.56667,166.5,170.5,161.5,169,147.5,157,162,137.5,153.5,131,175.5,148.5,194.5,131.5,158,196,156.5,183,146.5,182,141.5,185.5,154,194,158.5,216,163.5,199,174.5,186.5,173.5,177,169.5,172.5,186.5,123.5,163,183
1.575,166,170.5,157.5,169,145.5,157,160,135,151,128.5,172.5,150,194.5,132.5,155.5,196,156.5,183.5,145,182.5,140,186.5,152.5,194.5,158.5,216,161,198,174,186.5,173.5,177,170.5,172.5,185.5,124,162.5,183.5
1.58333,163.5,171,157,169,142.5,157,158.5,135,147.5,128.5,172.5,150,193.5,133,154.5,196,156.5,183.5,144.5,183,138,186.5,149.5,195.5,157,216,160.5,197.5,173,187,170,176.5,169.5,172,186,124,160.5,184
1.59167,162.5,171.5,152.5,172,140,157,154.5,134,143.5,128,171,149.5,192.5,133,152.5,196,154,183.5,143.5,183,135.5,185,149.5,195.5,157,216,158.5,198,172,187,169.5,176.5,166,172,186,124,157.5,185
1.6,162,171.5,154,170,140.5,156.5,152,132.5,140,128,170,149.5,190.5,133.5,150.5,196,152,182.5,141.5,183,135,185.5,145,196,155,216.5,156.5,199,170,187,169.5,177,166.5,173,186,124,155,185
1.60833,159,171,154,170,138,156,149.5,132.5,138.5,128.5,168,150,189,135,150,196,149,183,140,183.5,134.5,185.5,144,195.5,154.5,216.5,155,199,166.5,187.5,167.5,176,166,173,186,124,153.5,184.5
1.61667,159,171.5,154,170,138,156,148,132,136.5,129,166.5,151,189,135,148,196.5,149,183,138,183,134,185,143.5,195.5,153,216.5,154,199,165.5,188.5,166.5,177,162,173.5,186,124,152.5,185
1.625,159,171.5,151,170,136,155,144.5,130,134,128,164,151,189,136.5,147,196.5,149,183,138,183,132.5,185,142,197,152,216.5,151,198.5,165,188.5,165,177,162.5,172,187,125.5,151,185
1.63333,156.5,171.5,151,170,136,155,142,129.5,130,128,164.5,151,188.5,137,147,196.5,143.5,185,137,183,130.5,184.5,140,197,149.5,216,151,198.5,163,188.5,164,176.5,163,173,189,128,151,185
1.64167,154.5,172,148.5,170,136,155,140.5,128.5,128,129.5,162,151,187,137.5,143,197.5,144,184,135,183,128.5,184.5,139,196,149,216.5,149.5,198.5,162.5,188.5,162.5,177.5,161.5,173,188,128,149.5,185.5
1.65,153,171,148.5,170,135.5,155,137.5,128.5,124.5,130.5,161,151,186.5,139,143,197.5,143,184,132.5,183,127.5,185.5,143,196.5,148,216.5,148.5,199,160,189,161,177.5,159.5,173,188,128,146.5,186
1.65833,151,171.5,146.5,170,131.5,156,133.5,128,123.5,129,160.5,151,186.5,139,140.5,197.5,141,184,132,183,125.5,185.5,140.5,196.5,145,216.5,147,199.5,160,188.5,159,178,157,171,188,129.5,146,186
1.66667,149,171.5,145,169.5,131,154,132.5,128.5,121,131,159,151,186,140,140.5,197.5,141,184,130,183,124,183.5,140.5,196.5,144,216.5,146,199,158.5,188.5,158.5,178,157,172.5,186,131,144.5,185.5
1.675,148.5,171.5,144.5,169.5,128.5,154.5,131,128.5,121,130,158.5,151,184.5,140.5,139.5,197.5,139,184,130,183,124,184,139,196.5,141,217,146,198.5,157,188.5,157,178,155,172.5,185,130,144,185.5
1.68333,146,171.5,144.5,169.5,126.5,154.5,129.5,128,118.5,129,157,150,183.5,142.5,136.5,197.5,137,184,127.5,183.5,122,183.5,136.5,196.5,140,217.5,144.5,198.5,157,188,155,178,154,172.5,185.5,130,143.5,185.5
1.69167,145.5,171.5,143,169.5,125.5,154,126,127.5,116.5,130,156,150,183,145,135.5,197.5,136,184,125.5,182,120,184,136.5,196.5,140,217.5,143,198.5,156.5,188,155,178,154,172.5,184,133,142.5,185.5
1.7,144.5,171.5,140.5,169.5,125.5,154,124,126,116,130,154,150,183,145,134.5,197,135.5,184,125.5,182,117.5,183,136,196.5,139.5,217.5,140.5,198.5,153,188,154.5,178,151.5,173,184,133,142,185.5
1.70833,142,171.5,139.5,169.5,125,153.5,122,127.5,113,129.5,152,150,180,146,133.5,197,134.5,184,122.5,181.5,117,181.5,136,196.5,138.5,217.5,141,198.5,153,188,151.5,178.5,148,173,182.5,135,139,185.5
1.71667,141,171.5,139.5,169,123.5,152,120.5,127,112,129.5,151,149,179.5,146.5,131.5,197,130.5,184.5,120,180.5,114.5,180.5,134.5,196.5,135.5,217,139,198.5,152,188,151,178,149.5,173.5,183,135,136,185.5
1.725,139,171,137,168,123.5,152,118,125,109.5,129,150.5,149.5,177.5,147,129,197.5,129.5,184,120,180.5,114,180.5,134.5,196.5,135.5,217,139,198.5,149.5,187,149,177.5,148.5,173.5,180.5,136,135.5,185.5
1.73333,138,171,134,168.5,120,152,116,126,108,129,149,149.5,177,147,128,197.5,129.5,184,119,180.5,113.5,180.5,134,196.5,135,217,137.5,199,147,187.5,148,176.5,145,172.5,180,136,135,185.5
1.74167,137.5,171.5,134,168.5,120,152,113.5,125.5,104,131,147,148.5,176,148.5,126,196.5,127.5,184,118,180,112.5,180.5,132.5,196.5,133.5,216.5,135.5,199,147,187.5,146.5,177,144.5,173.5,178.5,139,134,185.5
1.75,135.5,171.5,133.5,169,120,152,112.5,125.5,102,131,144.5,149,175,149.5,126,196.5,126.5,184,117,180,108.5,176.5,130.5,195.5,132.5,216.5,135.5,199,147,187.5,144.5,177,143.5,174,178,139.5,132.5,185.5
1.75833,135,171.5,133,169,120,151.5,112,125.5,101,130,143.5,147.5,173.5,151,124,196.5,125,184,115.5,179,109,177.5,130,196,129,216,135,199,145,187.5,143.5,177,142,173.5,175.5,140.5,131.5,185
1.76667,133.5,171.5,133,169,120,151,111.5,125,100,130,142,147.5,172,152.5,121.5,196.5,123.5,184,115.5,179,108.5,177.5,129.5,196,127.5,217,132.5,199.5,143.5,187.5,141,177,140.5,173.5,175.5,140.5,130.5,185
1.775,132,171,130.5,169,116,149.5,110.5,124.5,98.5,130,141.5,148,170,154,121.5,196.5,123,184,115.5,179,107,177,128,196,127,217,130.5,198,143,187.5,141.5,177.5,137.5,173.5,174,143,128.5,184.5
1.78333,131.5,171,130,169,115.5,149.5,108,124.5,97,130,140,147,168,154.5,120.5,196.5,122,184,113.5,177,107,176.5,126.5,195,126.5,217,130,196.5,140,188,139.5,177.5,134.5,173,174,143.5,127,184.5
1.79167,129.5,170.5,128,168,113.5,147,107,124.5,96.5,129.5,136.5,147.5,166,155.5,117.5,197.5,121,184,113,177,106,175.5,124.5,195.5,124,217,129.5,196.5,139,187,137.5,176.5,134.5,173,169.5,145.5,126.5,184
1.8,129,170.5,127,168,111,146.5,106,124,94.5,130,135.5,147,165.5,154,117.5,197.5,119,184,111.5,176.5,104,176,123.5,195.5,120.5,215.5,129,196.5,137.5,185.5,135.5,176.5,133.5,173.5,169.5,145.5,125,184
1.80833,126,169,124.5,168,111,146.5,104.5,122.5,94.5,129.5,135,147,161,155,116,197,119,184,110.5,176,102,173.5,123.5,196,120.5,215.5,127.5,196.5,137.5,185,133,176.5,132,172,168.5,146,123.5,184.5
1.81667,125.5,169,124.5,168,109.5,146.5,105,122.5,94,128,133,147,159.5,156.5,113.5,196,116.5,183.5,110,176,102,173.5,121,196,119.5,215.5,124.5,196,135.5,185,132.5,175,130,172.5,167,147.5,122.5,184.5
1.825,125,169,123.5,168,108.5,146.5,104,122.5,93,127.5,132.5,147,157,156.5,113.5,196,115,183.5,110,176,101.5,173.5,118.5,195,118,214.5,124.5,197,135,185,131.5,174,127,172.5,163.5,149.5,122,184.5
1.83333,122,169,122,168,108.5,146.5,103,122.5,91,126,129,147,156,156.5,111,195,114,183,107.5,174.5,100,172.5,117.5,195,117.5,214.5,122.5,197.5,132.5,185,128.5,174,126,172.5,162.5,150.5,119,184.5
1.84167,122,169,122,168,107.5,146.5,102,122.5,90,126,127.5,146,153,157.5,110,195,112.5,183,105,173.5,98,172.5,115,195,117.5,214.5,122.5,197.5,130,185,126.5,174.5,122.5,171.5,161,150.5,119,183
1.85,119.5,168.5,119,167,107.5,146.5,101,121.5,90,126,126,146,150,159.5,109.5,194.5,112.5,183,104,173.5,97,172,115,195,115,214.5,118.5,197,128.5,185,124,174,119.5,171.5,158,150.5,117,182.5
1.85833,118.5,168.5,119,167,105,147,100.5,121.5,90,125,124.5,145,148,159.5,107.5,194,107.5,182,103,172.5,96,172,114,195,112.5,214,118,196.5,128,185,121,174.5,118,172,155,151.5,117,182
1.86667,117,167,118.5,167,105,147,100.5,121.5,89,124,123.5,144.5,145.5,159.5,107.5,194,110,182,102,172.5,95,169.5,114,195,110.5,213.5,115.5,196.5,127,183.5,118.5,172.5,114,172,155,151.5,116,182
1.875,115,167,117.5,166.5,104,147,100,121.5,89,123,122,144,143.5,160.5,107,193.5,110,182,100.5,172,93,169,112.5,194.5,110.5,213.5,114.5,196.5,124.5,181.5,116,172,112,171,150.5,153,115.5,182
1.88333,115,167,116,166,102,147,99.5,121,88.5,122.5,120.5,144,140.5,160.5,104.5,193,107.5,181.5,100.5,172,93.5,167,110,194.5,110.5,213.5,113.5,196,124,182,114,172,109.5,171,149.5,153,114.5,182
1.89167,114,167,111,167,102,147,99,121,88,121.5,117.5,144,138.5,161,102,194,107.5,181.5,99.5,171,92.5,167,109,194.5,107,212.5,112,196,122.5,181,115,171.5,110,170,145.5,153.5,114,182
1.9,112,167,111,167.5,100.5,146,99,121,88,121.5,115,143,136,162,102,194,106.5,181.5,99,169.5,92,167,108.5,194.5,107,212.5,110,196,121.5,181,114,172,110,171.5,143.5,154,113,181.5
1.90833,110.5,167,108,167,99,145.5,99,121,87.5,122,113.5,143.5,133.5,161.5,101,191.5,106,181.5,98.5,169.5,91.5,166,106.5,194,105.5,211,109,196,119.5,181.5,112.5,171,107.5,171,142.5,153.5,109.5,180.5
1.91667,109,166.5,108.5,166,97.5,146,99,121,87.5,122,110.5,141,131.5,159.5,97.5,193,104.5,179.5,96.5,170.5,91,165,106.5,194,104.5,211,108.5,195,118,180.5,110,172,105,171.5,139,153.5,108.5,180
1.925,107.5,166,106.5,164.5,97.5,146,99,121,88,121.5,107,141.5,127.5,160,96,192,104.5,179.5,93.5,169.5,88,165,103,194,102,212,108,195,116,180,107,171,102.5,171,135.5,154,107,180.5
1.93333,105.5,166,106.5,164.5,97.5,146,99,121,88.5,120.5,106.5,141.5,125.5,158.5,96,192,104.5,179.5,93.5,169.5,89.5,165,102.5,194,100,211,106.5,195,114.5,179.5,104.5,171.5,101.5,171,133,155,106,180.5
1.94167,104,166,106.5,164.5,97.5,146,99,121,87.5,120.5,104.5,141.5,121.5,160.5,94.5,192,102,179,92.5,169,89,164,100.5,193.5,100,211,105,193.5,112.5,179.5,102.5,172,98.5,171,130.5,155,103,179.5
1.95,102,165,104.5,164,93,146.5,99,121,86.5,121.5,103,141.5,119.5,160.5,93,192,102,179,92,168,89,164,98,193.5,98,210.5,105,193.5,112.5,179.5,98,173,94.5,172,129,154,102,179.5
1.95833,102,165,101.5,164.5,93,146.5,98.5,121,86,121.5,101,141.5,119,158.5,91.5,192,99,179.5,92,168,88.5,164,98,193.5,96.5,210.5,103,193.5,110,178.5,98.5,173,94,172,128,154,100.5,179.5
1.96667,98.5,165,101,164.5,94,146.5,99,121,86.5,121.5,99,142,116.5,158.5,91.5,192,96.5,180,92,168,88.5,164,98,192,96,211,102,193,109.5,177.5,97,173,92.5,172,125.5,153,98.5,179
1.975,96.5,164.5,99,164.5,92,145.5,98,121,86,121.5,95,140.5,115,158.5,90,191.5,96.5,180,92.5,168,89,163,96.5,192,93.5,211,101.5,193,107.5,177.5,94,174.5,91.5,173.5,122.5,153,97,179
1.98333,94.5,164.5,99,164.5,90.5,145.5,98.5,121,86,121.5,92,141,112,158,89.5,191,96,180,92,168,87,162,95,192,94,210,101.5,193,104.5,178,92.5,175.5,89,174.5,120.5,152,95,179
1.99167,94.5,164.5,98.5,163.5,90.5,145.5,99,121,86,121.5,92,141,110.5,157.5,89,191,96,180.5,91.5,168,87,162,94.5,192,90.5,210.5,97.5,192,102,176,92,175.5,87,175,117.5,150.5,94,179
2,92,164.5,94.5,162.5,89.5,145,99,120.5,86.5,121.5,88.5,142.5,108,157.5,88,191,93.5,179.5,91.5,168,86,162,93,192,90.5,210.5,95,192.5,101.5,177,90,175.5,87,174.5,117.5,149.5,93,179
2.00833,91,164.5,96,163.5,89.5,144.5,99.5,120.5,87,121.5,85.5,142.5,107,157.5,86.5,192,92.5,182.5,90,168,85.5,163,90,192.5,89.5,210.5,95,192.5,98,179.5,87,173.5,81,174,113.5,149,91.5,179
2.01667,89,163.5,94,164,89,144.5,99.5,121,87,121,82.5,145.5,105.5,156.5,86,192,91.5,180.5,89,169,84.5,163,90,192,86.5,210.5,92.5,192,97.5,179.5,85,175,78.5,175,113.5,147.5,90,179
2.025,88,164,93.5,164.5,88.5,144.5,99,121.5,87,121,80,144,103,157,85.5,192,91.5,180.5,89,169,85,163.5,89.5,191,86.5,210.5,90.5,192.5,94.5,178.5,82.5,176.5,76.5,177.5,111.5,147.5,90,179
2.03333,85.5,164.5,92.5,164.5,87,144,99,121.5,87,121,77.5,145,100,157,84,192,91.5,180.5,87,169.5,84.5,163.5,87.5,191,86.5,210.5,89.5,192.5,91.5,179.5,79.5,178,74.5,178.5,108,146.5,88.5,179
2.04167,85.5,164.5,91.5,164.5,85.5,144,98.5,122,87,121,74.5,145.5,99.5,156,81,192.5,88.5,182,86.5,169.5,85,164,86,191,84,211,87,193.5,90,179.5,79,178,73.5,178.5,105,146.5,87.5,179
2.05,85.5,164.5,88.5,164.5,85,144,98.5,122.5,87,121,73.5,146,99,156,81,192.5,88.5,182,86.5,169.5,84.5,164.5,83,192.5,83.5,211,85.5,194,86.5,179.5,77,175.5,72,178.5,102.5,146.5,83.5,179.5
2.05833,85,164.5,87.5,164.5,85,145.5,99,123,87,121,70,147.5,96.5,154.5,78.5,193.5,88.5,182,86.5,169.5,84,164.5,80.5,191,83,211,83,194,83.5,179,74,177,69,180,100.5,144.5,82.5,179.5
2.06667,83,164.5,86.5,164.5,84.5,147.5,99,123.5,86.5,121,68.5,147.5,94.5,156,78.5,193.5,88.5,182,85,170,84,164.5,80,192,82,211,81.5,194,83.5,179,73.5,177,68,180.5,97.5,144.5,82,179.5
2.075,81,165,86.5,164.5,84,147.5,99,123.5,86,121,65,148.5,92,154,78.5,193.5,84,184.5,84.5,170,84.5,165,78.5,192,81.5,210.5,80.5,195,82,178.5,72,178,66.5,181,95.5,144.5,82,179.5
2.08333,79.5,165,85.5,164.5,83,147.5,99,123.5,87.5,121,65,148.5,90,153.5,75.5,194,85,184,82.5,172.5,83,165.5,77,192,78.5,212,78,195,78.5,179,70.5,178.5,64.5,181.5,92.5,143.5,80.5,179.5
2.09167,76,166.5,81.5,164.5,82.5,147.5,99,123.5,88,121,64.5,149,89.5,153,74.5,194,83,184,82.5,171,81.5,166,76,192.5,76.5,212,76,195.5,78,179,69,179,62.5,181.5,90,143,79,179.5
2.1,76,166.5,80.5,164.5,81.5,147.5,99.5,124.5,88,121,60.5,150,87,153,74.5,194,82.5,184,83.5,171,78.5,166,75,192.5,75,212,75,195.5,77,180.5,66.5,180.5,61.5,182.5,88,141.5,77.5,180
2.10833,74.5,167,79.5,164.5,81.5,147.5,100,124.5,88,121,60,152,85.5,151.5,71.5,195,82.5,184,80.5,172.5,76.5,167,71,193.5,75,213.5,74.5,195.5,76.5,178.5,65,180.5,60.5,183.5,86,141.5,76.5,180.5
2.11667,71,168,79.5,164.5,81,147.5,100,124.5,88,121,58,152,84,150,70.5,194.5,81.5,185,79.5,174,76.5,167.5,70,193.5,73,214.5,73,195.5,75,179.5,64.5,179.5,58.5,184,81,138,73,181
2.125,71,168,79.5,164.5,80.5,147.5,100,125,87.5,121,56,153.5,81,150,70.5,194.5,79,185,77,173.5,76,168,68.5,193.5,70.5,213.5,71,196,75,181,63,181,58,184.5,79.5,138,73,181
2.13333,69,168,78,165,80.5,147.5,99.5,125.5,87,121.5,55.5,153.5,79.5,148,69,194,79,185,77,174,76,168,67.5,194,67.5,213.5,70,196,71.5,179,61.5,181.5,58,184.5,77,137,71.5,181
2.14167,68,168,76,165.5,79.5,147.5,100,125.5,87,121.5,52.5,153.5,76.5,147,69,194,78.5,185,77,174.5,75,168,65.5,194.5,67,213.5,64,196,69,181,59,181.5,53.5,186.5,74.5,136.5,68.5,181
2.15,66,168,74,166.5,79.5,147.5,100,125.5,87.5,121.5,52.5,153.5,76,145.5,65,194,76.5,188.5,77,174.5,73.5,169,65,194.5,65,213.5,64,196,68,181,57.5,182,51,187.5,71.5,136,68.5,181
2.15833,64.5,168,70,167,77.5,148,100,125.5,87.5,121.5,50,154,73,145,63,195.5,74,187,75.5,175.5,70.5,170.5,63.5,195,64,213,63,196,66,182.5,56.5,183,50,186,67.5,135.5,66.5,181
2.16667,63,169.5,70,167,77,148.5,99,127,87.5,122,50,154,71,145,61,195.5,74.5,187,74,178,70.5,170.5,63,195.5,63.5,213,61.5,196,63,181.5,53,183.5,49.5,186.5,63.5,135.5,65.5,182
2.175,61.5,169.5,67.5,167,76.5,148.5,98,128.5,87.5,122,46,155,69.5,143,60.5,195.5,72,189,72,177.5,70,170.5,61,195.5,63,213.5,59,195.5,64,179.5,51.5,184,47,187,61.5,135,64,182.5
2.18333,61.5,169.5,67,167,75,149,97.5,128,87.5,122,46.5,155,65.5,142,60.5,197.5,70,190.5,71.5,177.5,68.5,170.5,59,195.5,60.5,215,59,197,61.5,180.5,50.5,185,45.5,188,59,133.5,62,182.5
2.19167,60.5,169.5,66,169,75,149.5,95.5,130.5,87.5,122,43.5,155.5,63,143,58.5,196.5,70.5,189.5,71.5,177.5,67,172.5,59,195.5,58,214.5,57.5,197,61,181.5,48,185,45.5,190.5,56.5,133.5,62,183
2.2,58,171,66,169,74,149.5,94.5,130.5,87.5,122,41.5,156.5,61,141,58.5,196.5,70.5,189.5,70,177.5,66,172,57.5,195.5,58,214.5,57.5,197,60,183,47,185.5,43.5,190,54,133.5,61,183.5
2.20833,56.5,171,64,170,72,151,94,131,88,123.5,40,156.5,59.5,140,57.5,197,68,190.5,68,177.5,64.5,171.5,56.5,195.5,58,214.5,54.5,196.5,57.5,182,45,185.5,42.5,189.5,52,132.5,60.5,183.5
2.21667,54,171,60,171,70,153,94,131,88,123.5,38.5,157.5,58,140,55,197,67,191,66.5,177.5,63,174,51.5,195.5,55,214,54,196.5,54.5,182,43,185.5,41,189.5,49,133.5,57.5,183.5
2.225,54,171,59,171,72,151,93,132.5,88,124,38.5,157.5,55,139,53.5,197,67,191,65.5,178,63,173,52.5,195.5,57,215.5,51.5,196.5,53.5,182,43,185.5,40,189.5,46.5,131.5,54.5,184.5
2.23333,52.5,171,59,171,71,150,92,133,88,124,37.5,157.5,53,139,52,197,64.5,191,64,179.5,62,173.5,50,196,53,215,49,196.5,52.5,182,41,185,38,189.5,43,132,53,184.5
2.24167,50,171,59,171,71,150,90,134.5,87.5,125.5,37.5,157.5,49,138,52,197,63,191,64,179.5,60,173.5,50,196,53,215,49,196.5,51,182,39.5,185,37.5,189,41,131.5,52.5,184.5
2.25,47.5,171.5,56.5,170.5,69,150.5,90,134,87.5,125.5,34,157.5,46.5,137,51.5,197,63,191,61.5,178.5,59.5,173.5,49.5,196,51,215,49,196.5,51,182,39.5,185,35.5,189,37.5,131,50.5,185
2.25833,47.5,171.5,56.5,170.5,67.5,150.5,90,134,87.5,125.5,34,157.5,45,137,47.5,197,62,191,60.5,179,58.5,173.5,46.5,196,51,215,49,196.5,49.5,183.5,34.5,185.5,33,189,35,130.5,50,184.5
2.26667,45.5,171.5,53.5,170.5,67,150.5,89,135,87.5,126,32.5,158,43,137,47.5,197,59,191,60.5,179,58,173.5,46.5,196,50,215,49,196.5,48.5,182.5,34,185.5,31,189.5,31,131.5,49.5,184.5
2.275,44,171.5,49,171,66.5,150.5,88.5,137.5,87,126,30,156,41,135.5,47,197,58.5,192,57,179.5,57,173.5,45.5,196,49.5,215.5,48.5,196.5,46,182,32.5,186.5,28,188,30,131.5,46.5,185
2.28333,43.5,171.5,49,171,65,151.5,87,139,87,128,28.5,156.5,39,135,43.5,197.5,56,191.5,56.5,180.5,52,174.5,45,196,46,214.5,47,197,45,182,30,186,26,190,27.5,132,46.5,185
2.29167,42,171.5,47.5,171.5,63,151.5,87,139,84,127,26.5,156.5,37.5,134.5,43.5,197.5,56,191.5,53,180,52.5,174.5,44,196,47,216,44.5,197.5,45,182.5,28.5,185.5,26.5,188.5,27.5,132,45,184.5
2.3,41,171.5,47,171.5,61.5,152,85.5,140.5,83,128,25.5,156.5,35.5,133,41.5,198.5,53.5,191.5,52.5,180,51,174.5,39,196,45,216.5,42.5,197.5,42,183,28,185.5,23.5,188,23,130.5,41,184
2.30833,39,171.5,44.5,171.5,60.5,152,85.5,140.5,83,128.5,25,157,30.5,132,41.5,198,53,192,52,181,49,174,39,196,44.5,216.5,40,197.5,39.5,182,26.5,185.5,23.5,188,19,130.5,41,184
2.31667,38.5,171,43.5,171.5,57,148.5,84,142,83,128.5,23.5,157,29.5,130.5,41.5,198,53,192,49.5,181,47.5,174,38,196.5,42,215.5,38,198,39.5,182,25.5,184.5,21,187,17.5,130.5,39.5,183
2.325,36.5,171,40,171,54,151,79.5,143.5,82,131,21.5,156,27,130,40.5,198,52.5,191.5,49.5,181,46,174,35.5,197.5,40,215.5,36.5,198,39.5,182,24,185,20.5,187,14.5,131,37.5,183
2.33333,35.5,171,38.5,171,54,151.5,78,144,82,132,21.5,156,25,129.5,38.5,198,49,191.5,47,180,44,174,33.5,197.5,39,215.5,35,198,37,182,22,185,19.5,187,13,129.5,37,183.5
2.34167,34.5,171,38.5,171,52.5,151,77.5,144,80.5,132.5,20.5,156,23,129.5,36,198,48.5,190,47,180,40.5,174,33,197.5,38,215.5,33.5,198,35.5,182,21.5,183,18,186.5,10.5,129.5,36,184.5
2.35,33.5,171.5,38.5,171,53,151,76.5,145,79,135,20,155,19.5,128.5,36,198,47,190,45,180,42.5,174,30.5,197.5,35.5,216.5,32,198.5,34.5,182,20,182.5,17,185.5,10,128.5,35.5,184.5
2.35833,32,171.5,38.5,171,50,150,77,146.5,79,134.5,18.5,155,17,126.5,33.5,199,46,190,43,180,39.5,173.5,30,196.5,35,216.5,31.5,198.5,34,182.5,18.5,183,14,185,7,129,33,184.5
2.36667,30.5,170,37.5,171,49.5,150,73.5,147.5,78,135.5,17.5,155,15.5,127.5,31,199,45.5,190,40,179,39.5,173.5,26.5,197.5,34,216.5,31.5,198.5,32.5,182.5,18,182,13.5,184,3.5,128.5,32,184.5
2.375,29,170,37.5,171,48,150,72.5,147,76.5,136,16,155,15,126,31,199,45,190,40,179,39,173.5,25,197.5,31.5,216,28.5,199,32.5,182.5,16.5,182,12.5,184.5,1.5,128,30,185
2.38333,28,170,34.5,171,43.5,149.5,70.5,148,76.5,138,16,155,11,126.5,29.5,198.5,42,189.5,39.5,179,37,172.5,24,197,31,216,28.5,199,31,182,16,180.5,11.5,182,1.5,128.5,28,184
2.39167,27,170,33,170.5,45.5,150.5,67,149,75,138.5,13.5,153.5,11,125.5,28.5,198.5,40,189.5,38,178.5,36,172,23.5,197,29.5,216,28.5,199,30,182,14,180.5,9.5,182,0,129.5,27.5,184
2.4,27,170,31.5,170.5,43,150,67,151,75,140.5,13.5,153.5,8.5,125.5,28.5,198.5,38,188.5,35.5,177.5,34,172,22.5,196.5,26.5,216.5,26,199,29.5,182,11.5,180.5,9,181.5,0.5,127,26.5,183.5
2.40833,23.5,171.5,30.5,169.5,41.5,150,65.5,152,72.5,141.5,11.5,152.5,8,125.5,25,198.5,37.5,189,35,179,31.5,172,22.5,198,24.5,216,24.5,198.5,29,182,11.5,179,7.5,179.5,0,127,24.5,184.5